Price,Close,High,Low,Open,Volume
Ticker,INFY.NS,INFY.NS,INFY.NS,INFY.NS,INFY.NS
Date,,,,,
2023-01-02,1397.7021484375,1399.9949669224698,1379.4055017090532,1388.5308744976214,3801140
2023-01-03,1396.372314453125,1405.6352784494222,1389.5396484110163,1393.8960033950495,4551130
2023-01-04,1370.922119140625,1394.9508128847058,1367.5286804970206,1394.9508128847058,7059590
2023-01-05,1352.9464111328125,1381.1022918875108,1347.48954741884,1381.1022918875108,9868404
2023-01-06,1328.4591064453125,1352.7629837810398,1326.6248515520501,1348.1773465478836,6443714
2023-01-09,1361.4296875,1365.9236340298328,1328.183820144947,1328.183820144947,11498717
2023-01-10,1347.9481201171875,1360.9254964114878,1333.5492633945746,1359.1829318004231,7158624
2023-01-11,1349.3236083984375,1370.1882555291525,1342.674435137001,1348.177199215431,6173092
2023-01-12,1357.89892578125,1361.9343090878735,1334.4204846618559,1359.1370254896133,6591385
2023-01-13,1379.03857421875,1393.4833301069489,1346.342961515927,1360.5584355646306,11610426
2023-01-16,1399.077880859375,1401.370699412078,1377.8005694719036,1384.8624058326163,6073063
2023-01-17,1411.917724609375,1414.3939239696545,1397.7022489799854,1400.4536313598671,5922644
2023-01-18,1417.32861328125,1423.2440398411995,1412.0092299289386,1416.7324581195912,5843098
2023-01-19,1411.3675537109375,1421.1349841260228,1399.674177907226,1412.284681224954,6165284
2023-01-20,1399.123779296875,1416.9618628206752,1397.7021870153455,1410.5419708855652,6496429
2023-01-23,1419.7132568359375,1424.574076980102,1401.4623986498889,1407.7906002862817,4855020
2023-01-24,1423.2900390625,1438.7895145635266,1421.3181927553053,1430.7187486357645,5200802
2023-01-25,1415.127685546875,1427.050342651288,1411.2298938012013,1418.796195425156,4158617
2023-01-27,1393.2540283203125,1422.4186107141427,1382.47778201832,1417.8788751387417,6209955
2023-01-30,1411.275634765625,1416.0446522844554,1394.0335955131943,1402.104361110933,6964719
2023-01-31,1406.6441650390625,1420.53866769089,1387.6137712822178,1420.53866769089,9448126
2023-02-01,1422.5565185546875,1426.1792395448801,1401.4167957272484,1414.3940609795477,6194199
2023-02-02,1452.50048828125,1455.4352511160564,1423.3816939621152,1423.3816939621152,6916834
2023-02-03,1466.8536376953125,1471.6685567151628,1442.6414510904015,1465.1110731830363,7040194
2023-02-06,1439.7525634765625,1465.5697246336003,1432.1862617067081,1465.5697246336003,4570612
2023-02-07,1432.919677734375,1445.438487436647,1426.2246038411415,1438.9726953623049,4336238
2023-02-08,1458.6910400390625,1470.1551318344025,1435.7628564483825,1435.7628564483825,7983338
2023-02-09,1482.9949951171875,1485.5170954490195,1454.6099470732718,1463.9187005529932,6904911
2023-02-10,1475.2451171875,1482.352853540828,1464.1477876403842,1479.2803876184373,4786762
2023-02-13,1437.55126953125,1464.6524284395919,1436.2214796095184,1464.6524284395919,4001199
2023-02-14,1461.213134765625,1463.7352349511611,1447.3645343194853,1453.3716512253498,5043736
2023-02-15,1464.6982421875,1466.4865956933231,1445.3926671749077,1452.7296857900087,3465747
2023-02-16,1469.0546875,1480.6562593366962,1465.4319671631831,1467.4038134282825,4290289
2023-02-17,1452.5465087890625,1462.8182915089533,1444.934306126869,1461.9011640534618,2857734
2023-02-20,1460.4794921875,1470.1552310976708,1451.3541192838827,1453.6010366458702,2417716
2023-02-21,1448.6026611328125,1468.917054491703,1445.3927153816476,1466.211461614736,2723288
2023-02-22,1432.3695068359375,1444.475542793936,1426.4081791990102,1433.4700148488394,3656244
2023-02-23,1422.1893310546875,1439.7523421262586,1419.8507234941526,1439.7523421262586,4766854
2023-02-24,1422.1435546875,1438.972819252259,1416.96176274362,1430.7186730615194,2790986
2023-02-27,1384.220458984375,1412.3762259804244,1377.5253840406476,1412.3762259804244,4920268
2023-02-28,1364.2728271484375,1397.702074099726,1358.5407812408764,1389.9981820091593,9679811
2023-03-01,1372.0684814453125,1376.4706257604705,1358.7242330919914,1368.7209440691638,5125043
2023-03-02,1350.149169921875,1365.235871380038,1345.7011242723827,1361.9342350192826,4644499
2023-03-03,1356.7066650390625,1366.3365031467508,1350.9287173928365,1363.5392196767139,4615015
2023-03-06,1382.5235595703125,1394.400425758518,1369.4087058218104,1370.6927064845922,6561742
2023-03-08,1368.9959716796875,1372.02253676298,1358.3573166463943,1367.0242374099919,4137080
2023-03-09,1357.71533203125,1374.1777229481327,1352.3959486952547,1371.10536876011,5104656
2023-03-10,1349.598876953125,1352.1209773156488,1336.850783639018,1339.0060106489143,3699580
2023-03-13,1316.1695556640625,1355.7895279106722,1309.6579732857313,1342.8579415523982,8798403
2023-03-14,1302.32080078125,1328.3213380398465,1294.0666548608056,1321.5804745956207,7402784
2023-03-15,1302.0,1323.2773119475332,1299.4319983717653,1318.8292662290141,7556182
2023-03-16,1287.738525390625,1300.3032376058475,1282.786015172728,1300.3032376058475,7323117
2023-03-17,1302.962890625,1323.3231866747517,1294.4336727271848,1311.4922204768466,9090018
2023-03-20,1287.3258056640625,1302.0456322126888,1270.0837669911443,1302.0456322126888,8221829
2023-03-21,1275.4490966796875,1288.5640639628448,1274.8071522479388,1283.0612992768824,8536755
2023-03-22,1274.119140625,1290.6274325316042,1267.6075589859765,1286.7296413869892,8356487
2023-03-23,1260.6375732421875,1269.258481654683,1256.4645985893467,1269.258481654683,7607718
2023-03-24,1266.2318115234375,1283.0151737075835,1263.3428381778178,1272.9726746938736,7559127
2023-03-27,1273.8441162109375,1280.0806276002397,1260.2247960834827,1271.3679168983215,4170193
2023-03-28,1263.4346923828125,1282.1441138599873,1261.8297194219722,1276.7330397726337,6633366
2023-03-29,1268.8916015625,1274.715337897841,1251.466181751986,1264.7186272999518,8813966
2023-03-31,1309.612060546875,1311.4463153951938,1278.3839389266645,1287.6469035198686,8711975
2023-04-03,1293.92919921875,1316.077848821429,1288.7016177019077,1316.077848821429,5242764
2023-04-05,1305.5767822265625,1309.199390750354,1283.978386725391,1283.978386725391,7506334
2023-04-06,1304.0634765625,1310.024804681296,1293.4706102774894,1298.6524024946332,6948465
2023-04-10,1309.291015625,1315.160653204444,1297.7352331131717,1305.9434783219242,4993788
2023-04-11,1289.61865234375,1314.5644716127188,1273.8898958181142,1310.483299665465,6942255
2023-04-12,1309.9332275390625,1312.867990700333,1283.9784750125505,1295.9470334362472,5831169
2023-04-13,1274.0733642578125,1294.1126879036105,1268.3872190480308,1292.9203774786417,11267238
2023-04-17,1154.0213623046875,1156.6351528002706,1087.0710673200379,1146.6843436762329,53171705
2023-04-18,1154.9842529296875,1164.7057800036057,1149.2522072547338,1164.7057800036057,12430884
2023-04-19,1130.0843505859375,1150.3987451220048,1127.5164610086156,1150.3987451220048,11307230
2023-04-20,1122.0137939453125,1135.2662413976043,1120.1795389648407,1128.7087574516104,8621249
2023-04-21,1125.6363525390625,1131.047426880891,1118.8954881773257,1126.324198126057,8691352
2023-04-24,1124.6734619140625,1128.0667887734735,1117.0612591269032,1126.2325338323785,8313774
2023-04-25,1123.389404296875,1133.110932602619,1114.3098204064606,1124.3523209198693,6808576
2023-04-26,1125.8197021484375,1130.818001330537,1119.3998108189048,1126.232364666585,5680192
2023-04-27,1142.969970703125,1144.3915628906238,1123.8478876663187,1128.0666511252507,8020704
2023-04-28,1148.931396484375,1154.6634429645405,1141.7777576955154,1151.6368776414001,10118277
2023-05-02,1171.5843505859375,1173.6937883843755,1150.5822227207543,1150.5822227207543,8886401
2023-05-03,1163.972412109375,1167.0447669045234,1157.5066183244755,1161.0834380362487,5549783
2023-05-04,1168.0076904296875,1170.0712271598577,1157.8733874843501,1163.788814662558,4505401
2023-05-05,1154.755126953125,1173.0059852361912,1150.307081299838,1173.0059852361912,5373791
2023-05-08,1160.7164306640625,1165.0269966744686,1151.1782831849423,1157.8274569243922,5260842
2023-05-09,1165.3936767578125,1166.5859870922673,1156.2224032743827,1161.0832230022093,4969897
2023-05-10,1158.561279296875,1170.6215279475311,1154.8010790515318,1170.6215279475311,6515734
2023-05-11,1152.0037841796875,1170.162952733371,1149.20661258924,1164.9811601752815,6888461
2023-05-12,1142.0068359375,1151.9118552707967,1136.3665927698858,1149.4814456057363,8292212
2023-05-15,1154.0672607421875,1163.7429997559711,1142.419787348579,1146.3175788639087,5534710
2023-05-16,1159.5242919921875,1168.3744824143912,1158.1026996481462,1160.1662364323145,5236469
2023-05-17,1143.566162109375,1156.4517347340925,1139.48487806171,1156.1307625392042,10465667
2023-05-18,1142.74072265625,1155.2595338626716,1139.4848756551935,1154.2965053260136,6948732
2023-05-19,1163.7430419921875,1167.778425157087,1148.9773124596102,1151.9579766677468,11094136
2023-05-22,1185.662353515625,1188.2302430762331,1164.9810857591126,1167.4572849700612,7625947
2023-05-23,1192.3115234375,1205.2429974114864,1189.560141232225,1191.5318755827825,7436031
2023-05-24,1191.027587890625,1196.8513248198226,1184.2867235094584,1188.8723607693044,4824077
2023-05-25,1196.2550048828125,1198.685414686715,1182.4064046555832,1187.2213231154954,4334121
2023-05-26,1208.2694091796875,1213.7721734013032,1197.7683455717138,1197.7683455717138,5521606
2023-05-29,1205.47216796875,1222.2555306990143,1201.299193894401,1222.2555306990143,4419365
2023-05-30,1214.13916015625,1216.4778799505127,1200.657431335536,1206.022604561982,6274719
2023-05-31,1209.049072265625,1220.7882355808035,1205.24297124017,1210.4705525350664,17800782
2023-06-01,1210.1495361328125,1219.3208096161989,1208.8655354543341,1212.9468193268542,4277841
2023-06-02,1207.3612060546875,1220.2806442692772,1204.619361093427,1216.655749596294,10909311
2023-06-05,1212.47314453125,1217.0738979713722,1205.7811188985672,1212.0084173773478,5002553
2023-06-06,1188.7720947265625,1197.6948336527696,1183.1953687153355,1197.6948336527696,10008100
2023-06-07,1198.02001953125,1202.713808913998,1192.025084955334,1199.460719013535,5397578
2023-06-08,1192.30419921875,1200.8551346703464,1190.7240585978548,1195.4642535429527,5034942
2023-06-09,1176.6427001953125,1192.0252152176977,1174.83030957908,1192.0252152176977,5339073
2023-06-12,1200.8084716796875,1204.2939254038927,1183.1953575768823,1183.6600847401096,4785588
2023-06-13,1212.7984619140625,1214.3320842529808,1205.548786202746,1208.1977083560882,4846587
2023-06-14,1208.66259765625,1214.5180926556236,1201.970457495657,1214.19280628768,3457981
2023-06-15,1196.02197265625,1202.6674808789603,1192.1647141872293,1202.6674808789603,6161155
2023-06-16,1200.52978515625,1209.6848882031022,1190.677591317118,1196.2077995523568,8536287
2023-06-19,1202.7139892578125,1207.8259884393565,1196.2543265846496,1202.7139892578125,4451787
2023-06-20,1211.450927734375,1212.9380321318201,1200.018592852604,1202.7140333935445,4009180
2023-06-21,1207.6866455078125,1211.822785983513,1203.6435412463507,1208.244295499256,4041529
2023-06-22,1191.142333984375,1198.4385283465883,1183.6601806665321,1198.4385283465883,6676607
2023-06-23,1175.759765625,1189.0974130017955,1174.2261432389498,1186.4019726655229,7239467
2023-06-26,1180.732421875,1184.1249532633137,1173.2038636237187,1180.6394991230175,3403244
2023-06-27,1188.91162109375,1191.5605434478787,1184.3107537282526,1189.7016346437479,3240024
2023-06-28,1202.1099853515625,1205.2236353137198,1191.0030491785699,1198.996335389405,5662358
2023-06-30,1241.2862548828125,1244.4464222893582,1212.426652618648,1215.9121063481953,12821692
2023-07-03,1239.6134033203125,1251.0457388883244,1234.733767265956,1236.1744671036192,7732412
2023-07-04,1250.2554931640625,1251.0455066392037,1237.4754963466114,1249.4654796889213,5797775
2023-07-05,1252.25390625,1262.1525044299242,1246.3982983908247,1262.0595816855596,5414936
2023-07-06,1249.0938720703125,1252.3933673295787,1242.8200544623764,1247.8391312404847,5963897
2023-07-07,1236.3602294921875,1250.8598092744526,1231.8523982272873,1239.8922016871068,6295647
2023-07-10,1235.38427734375,1247.2348203575655,1226.229174648363,1242.26226225529,3940315
2023-07-11,1253.4622802734375,1255.600070946012,1233.3860863375473,1239.381022308118,6126128
2023-07-12,1239.24169921875,1256.5295297943235,1233.386090631779,1255.6929980734994,8102770
2023-07-13,1268.7982177734375,1279.6729026631901,1236.9644035943056,1240.728739413603,9977644
2023-07-14,1325.35546875,1329.1198044888868,1283.251252109647,1283.251252109647,12833381
2023-07-17,1322.567138671875,1356.027498224912,1314.5274486018602,1325.3555019679613,11569884
2023-07-18,1371.131103515625,1373.6871031492155,1328.1903550548216,1332.8376271158952,16743977
2023-07-19,1370.8988037109375,1393.0663832409173,1357.6540777205,1381.1693208273919,13687062
2023-07-20,1347.2442626953125,1367.2275339253567,1339.0650179246122,1367.2275339253567,8347221
2023-07-21,1237.661376953125,1254.7633595078025,1212.9379141908757,1227.0655747810806,45548305
2023-07-24,1242.3087158203125,1254.670504599167,1240.1245206940966,1246.398337830829,8859789
2023-07-25,1240.44970703125,1248.117705135712,1230.82987755559,1242.6804200806673,6801982
2023-07-26,1253.6944580078125,1254.7633531856156,1244.9111599190257,1248.2571728357643,5528885
2023-07-27,1257.6912841796875,1267.5899965472738,1252.0216348505492,1262.7567654377913,9191861
2023-07-28,1245.9337158203125,1267.6364549818945,1241.7511707093902,1258.3419102909559,6122735
2023-07-31,1260.061279296875,1261.7343425932213,1239.1950734898064,1253.6016166280715,7902180
2023-08-01,1268.89111328125,1272.4230854175687,1261.2696325139816,1265.9169045571427,6064652
2023-08-02,1261.130126953125,1275.1648651116004,1253.322687629451,1272.7019018221301,7419145
2023-08-03,1268.0548095703125,1270.1460821785513,1253.834110450768,1254.7635649433187,6503741
2023-08-04,1281.1134033203125,1288.13082917061,1265.9168471204257,1272.3301049407662,5712345
2023-08-07,1294.7301025390625,1296.5890115161467,1279.85883072239,1289.989907339258,3729093
2023-08-08,1292.1275634765625,1295.241326729345,1286.7367956063742,1294.5906405227167,4161877
2023-08-09,1296.0311279296875,1297.5182321515724,1284.9705988177284,1286.3647802992666,4090828
2023-08-10,1291.105224609375,1297.3326378411728,1287.8521338559706,1293.4288608618067,3873025
2023-08-11,1275.0718994140625,1298.3082576548654,1270.6105867070967,1293.8004268479058,5783517
2023-08-14,1295.2412109375,1296.5888744198694,1269.2628926543166,1275.0719825934739,4304135
2023-08-16,1318.4310302734375,1319.7786937329943,1306.2552006588273,1311.2742769730567,7735313
2023-08-17,1311.9715576171875,1319.825402835044,1306.8130397085015,1319.825402835044,5618346
2023-08-18,1290.826416015625,1309.322469240219,1288.3633389732208,1304.6751968805124,5134103
2023-08-21,1306.2552490234375,1307.742353385992,1289.2927060601864,1291.709264831686,3032722
2023-08-22,1304.7215576171875,1306.8593480283198,1298.1224543541218,1305.6044938755163,2890714
2023-08-23,1308.6253662109375,1316.665170010188,1306.48768902064,1316.107520023971,2559125
2023-08-24,1323.1712646484375,1324.5190416072762,1314.6667341741827,1321.2194330950322,5171963
2023-08-25,1319.918212890625,1322.1489262136051,1311.832004735964,1313.3191091316864,4307172
2023-08-28,1315.7821044921875,1324.286634688253,1311.8319234109513,1319.9181310643203,3133464
2023-08-29,1317.6409912109375,1323.914808117441,1315.4567961648745,1323.5430036830764,3074444
2023-08-30,1333.9066162109375,1335.3007979273286,1323.5431760940035,1326.331539526786,3070887
2023-08-31,1334.1854248046875,1342.9688379587094,1327.865202241298,1333.9066565282626,9792735
2023-09-01,1341.99267578125,1343.9910253779606,1327.446692130181,1330.0026916597724,3582133
2023-09-04,1361.7435302734375,1366.2978792292915,1333.4880956574837,1341.2026120597739,4609014
2023-09-05,1374.5703125,1375.639207889901,1353.7505085575094,1361.6508719785452,5496840
2023-09-06,1373.2222900390625,1378.2878843440208,1360.070601695981,1377.3584299899496,5075786
2023-09-07,1362.76611328125,1369.4582536129653,1358.908967956038,1366.8557356852762,4411743
2023-09-08,1365.9261474609375,1370.7128602563196,1357.1892535120792,1360.25649837947,3125838
2023-09-11,1372.2928466796875,1373.7800644251438,1361.1859124430616,1365.9261069950462,4182226
2023-09-12,1395.2039794921875,1397.8994199484737,1372.8970738547118,1377.9161503149019,6793161
2023-09-13,1392.64794921875,1398.8288435447748,1383.6322871056639,1398.8288435447748,4804686
2023-09-14,1400.6412353515625,1405.846270656975,1393.3915592483722,1398.8288446904617,6444213
2023-09-15,1404.9632568359375,1411.2835921776357,1402.5466980730964,1410.9117877236317,8657816
2023-09-18,1386.56005859375,1398.7358880088802,1383.0280866448797,1398.7358880088802,3991916
2023-09-20,1385.119384765625,1389.6272158004997,1372.0605053905272,1372.0605053905272,4169337
2023-09-21,1395.80810546875,1398.4106230981856,1371.8746553500082,1381.6804443744052,6779195
2023-09-22,1390.6031494140625,1400.641188325793,1380.4255561991947,1386.6529684238076,5455613
2023-09-25,1370.1551513671875,1384.7475392640083,1367.7385927513728,1384.7475392640083,4217863
2023-09-26,1357.607666015625,1375.4996641903995,1356.0740434803138,1374.8025733524212,3996528
2023-09-27,1363.5096435546875,1365.9262023716149,1347.7554364104253,1353.2856448640935,3863586
2023-09-28,1337.9031982421875,1368.714636770685,1333.7671712132337,1364.3462461230529,5814602
2023-09-29,1334.1854248046875,1344.7348242112748,1316.1075800525987,1331.0717749023968,6068968
2023-10-03,1332.837646484375,1335.626009761539,1320.1041662355099,1334.7430734406207,4181867
2023-10-04,1342.45751953125,1347.6624417880482,1318.152262838638,1324.4725985168332,4510406
2023-10-05,1360.2099609375,1371.5493723980028,1347.8946904576385,1349.5677537176623,7384621
2023-10-06,1374.3841552734375,1379.7750360960613,1360.0706484952473,1365.8332203052626,3598672
2023-10-09,1371.363525390625,1385.8165874982192,1359.04825390548,1361.5578490003716,3567552
2023-10-10,1389.6737060546875,1391.3931739252298,1365.4613746452874,1379.2173445271933,5688951
2023-10-11,1388.9766845703125,1411.144149422588,1376.940181958551,1391.3932433298958,7220129
2023-10-12,1362.115234375,1398.2710282146138,1349.567601714432,1386.652849825199,11081662
2023-10-13,1330.1885986328125,1336.5553381568939,1301.2360733099106,1305.8833450003033,17973439
2023-10-16,1332.9769287109375,1341.7602266052431,1329.119670611463,1331.0715019814445,4850745
2023-10-17,1340.69140625,1350.822481541712,1336.6018978023671,1338.6466520261836,3923764
2023-10-18,1338.925537109375,1351.426652993233,1336.8806694215968,1340.2732005613768,4264837
2023-10-19,1332.5123291015625,1338.0890555260446,1325.49490296724,1325.49490296724,6795691
2023-10-20,1326.5638427734375,1337.0202051704955,1324.7049339028495,1329.1198424704962,3928622
2023-10-23,1309.2760009765625,1331.304025507751,1306.1158332337493,1325.0302081269804,2636516
2023-10-25,1289.88134765625,1320.4796048766234,1281.643355327688,1317.1372877323818,6940777
2023-10-26,1279.901611328125,1293.600262701033,1273.923205151914,1275.7591696776637,6357656
2023-10-27,1299.57861328125,1303.9565408986182,1283.8558619720413,1283.8558619720413,4634358
2023-10-30,1296.4716796875,1299.5785105468342,1283.3378978736482,1299.5785105468342,2667696
2023-10-31,1288.3280029296875,1300.3319358033273,1283.24396131538,1299.2020849293924,3451595
2023-11-01,1274.9117431640625,1296.848271394198,1272.5580310195833,1292.7058299617952,3090672
2023-11-02,1289.975341796875,1295.765495943668,1281.972721492604,1289.8340961001559,3758060
2023-11-03,1307.7696533203125,1310.5469878192453,1297.1308279223888,1299.2962891749294,3349045
2023-11-06,1321.185791015625,1324.9046103571086,1309.4172299003549,1312.3358100714709,2736381
2023-11-07,1322.1270751953125,1323.6334278039196,1313.229975386407,1318.0786448153021,2272209
2023-11-08,1309.6053466796875,1322.7861337778295,1305.3215449018542,1322.7861337778295,3550635
2023-11-09,1294.3533935546875,1315.725053279232,1289.8813406007866,1314.2187005328615,5498051
2023-11-10,1288.75146484375,1292.7998955154703,1281.3608320382564,1289.7870751538298,2943649
2023-11-13,1293.176513671875,1301.5556365838725,1290.6344357148544,1299.1077990502322,3462092
2023-11-15,1327.96435546875,1331.2595523805833,1311.4883709095843,1317.1372799012984,8551860
2023-11-16,1360.3514404296875,1368.3540614057245,1328.058465108388,1333.2366316222942,6673907
2023-11-17,1353.4315185546875,1366.0944431282537,1351.0778065575678,1356.726715350655,4901251
2023-11-20,1352.537109375,1367.0359990167078,1349.7597750449072,1357.6211505386314,3584210
2023-11-21,1354.796630859375,1365.152963687348,1352.6782900536532,1357.621085267004,3793135
2023-11-22,1372.4967041015625,1373.5793197717323,1352.1605387506925,1352.1605387506925,3108786
2023-11-23,1364.4468994140625,1382.0056146017555,1362.9875519464238,1382.0056146017555,3186928
2023-11-24,1353.29052734375,1367.648173226221,1349.9482097083599,1360.963652882806,2973195
2023-11-28,1358.2801513671875,1360.4456124998921,1343.5460053605395,1359.504127646951,3755373
2023-11-29,1374.1912841796875,1375.226894544369,1364.964801471109,1366.1886628376049,3875778
2023-11-30,1370.0015869140625,1375.1797531523248,1364.7292951842091,1368.2127428644676,10120867
2023-12-01,1367.318359375,1374.4736205469867,1361.5282051305396,1374.4736205469867,3489187
2023-12-04,1378.663330078125,1385.7715867334168,1364.4940519087752,1374.9915161431222,5511948
2023-12-05,1368.8717041015625,1381.064000550959,1357.621007327997,1380.0283903130835,5123039
2023-12-06,1388.03125,1390.5732132882843,1366.1417258233225,1371.5081438440814,5269178
2023-12-07,1380.1226806640625,1386.6659544767813,1376.2626157196041,1386.6659544767813,4424453
2023-12-08,1403.8951416015625,1407.2373438258442,1380.4521461092754,1384.3593311792147,6323433
2023-12-11,1401.400146484375,1410.3442522227704,1395.2804951896835,1402.812373706227,3862018
2023-12-12,1389.6788330078125,1402.8125013955737,1381.7703368601112,1391.0439401422552,6103494
2023-12-13,1364.2115478515625,1389.6787590187653,1349.2890359623277,1389.6316388053183,8549258
2023-12-14,1413.5924072265625,1422.5836336750658,1375.8388870549381,1377.7689770027378,12489858
2023-12-15,1486.0396728515625,1495.5957668241965,1431.9984208352303,1433.9285107001285,18395389
2023-12-18,1472.811767578125,1499.7853308836295,1468.9988229814394,1476.2010899731836,6467243
2023-12-19,1467.1158447265625,1481.8499902553428,1452.9464521784103,1478.225296674548,4221721
2023-12-20,1446.497314453125,1490.8412269194432,1440.4717885612556,1473.470877793026,6592367
2023-12-21,1446.120849609375,1456.1476870794431,1432.2339469194412,1432.2339469194412,5319038
2023-12-22,1471.44677734375,1474.3653575565068,1433.8815067423754,1445.1322053581507,6741060
2023-12-26,1453.60546875,1457.4185283124546,1433.8814073771757,1445.1792254261095,6878067
2023-12-27,1475.40087890625,1478.131207944611,1453.6526019531718,1453.6526019531718,4225849
2023-12-28,1471.2113037109375,1477.1425892283842,1464.0089217215004,1477.1425892283842,5702253
2023-12-29,1452.6170654296875,1468.1985714635211,1449.8867362525718,1450.875341361868,4388990
2024-01-01,1460.572509765625,1465.8919221925776,1445.4146265550125,1448.9451947683858,2808451
2024-01-02,1444.6142578125,1458.5011582059428,1433.8813084212525,1455.535458187299,5396313
2024-01-03,1402.8125,1431.0099267639569,1400.9295302013422,1431.0099267639569,7550363
2024-01-04,1424.18408203125,1430.821596173285,1405.5427510177758,1416.8875744672803,7056038
2024-01-05,1442.872802734375,1449.604328169314,1418.111702636075,1418.582445109979,8895403
2024-01-08,1433.6932373046875,1446.120791889042,1424.7020106289667,1439.4832774397032,4440136
2024-01-09,1439.812744140625,1462.1258878294154,1436.5645526388157,1451.675429581847,4412074
2024-01-10,1430.962890625,1445.6029115375234,1416.9347429419645,1435.7173203076957,4096845
2024-01-11,1406.7667236328125,1435.7645051838629,1399.6114612154008,1435.6703796771912,11296088
2024-01-12,1518.3797607421875,1523.3225564289937,1464.3856251298819,1470.5994024363956,26754401
2024-01-15,1555.4271240234375,1567.5251815652139,1540.2692406673768,1548.6954842465418,13228305
2024-01-16,1536.07958984375,1552.0377114243083,1529.9128183588118,1548.5542635934448,6500917
2024-01-17,1544.223388671875,1551.0962739751476,1525.4408120839046,1525.4408120839046,9209876
2024-01-18,1546.4830322265625,1552.5085584102292,1532.9727472598277,1546.5301524412396,6375464
2024-01-19,1562.111572265625,1568.0429726211407,1547.9422946366542,1554.9563105966838,4522736
2024-01-23,1546.0594482421875,1576.7047127157934,1541.8697714896578,1553.5442072103745,9401255
2024-01-24,1577.3636474609375,1581.694454529538,1548.7424867268392,1562.770633148314,8999681
2024-01-25,1571.4322509765625,1582.2123208537434,1560.9817927200572,1575.0569444579046,8865304
2024-01-29,1559.663818359375,1581.0825992301918,1551.1904544983925,1567.7135599982494,4253785
2024-01-30,1554.8150634765625,1591.1093493392334,1551.8023580167996,1565.171396519599,4995943
2024-01-31,1563.712158203125,1569.6905638157846,1542.2462583680392,1551.8023522623284,6763779
2024-02-01,1560.0875244140625,1578.8701012939357,1553.7795069313138,1562.4412365507558,5760011
2024-02-02,1594.2633056640625,1617.941672001784,1567.5722338568344,1568.5608388941694,7858483
2024-02-05,1588.4732666015625,1601.2304328815121,1583.4363454059862,1595.5815235195898,3634135
2024-02-06,1628.2509765625,1631.5932938509086,1575.998565824632,1588.0496182360184,7694265
2024-02-07,1594.6400146484375,1627.827356650715,1588.143745994436,1627.827356650715,4613877
2024-02-08,1593.08642578125,1606.50258433862,1584.3306859949523,1598.6412091518757,5919715
2024-02-09,1571.6676025390625,1593.8396151923025,1562.676491800521,1586.1193710004457,4600004
2024-02-12,1581.78857421875,1593.8866307964468,1572.6090975073987,1572.6090975073987,3555808
2024-02-13,1585.9783935546875,1590.2620807833139,1566.1600909474707,1584.5190460262058,2696481
2024-02-14,1568.7020263671875,1571.7618521594686,1539.7984871618103,1563.0531172122069,3768579
2024-02-15,1578.2581787109375,1588.9911294855572,1564.3712765276096,1578.8701668773688,4834391
2024-02-16,1602.0777587890625,1608.9976496273255,1589.1793470591608,1590.1679521477781,4880654
2024-02-19,1600.2889404296875,1611.3513878778704,1588.9440015438006,1605.2317360980246,3690993
2024-02-20,1586.6373291015625,1595.1106926748687,1571.1028292171682,1586.401957891193,3706389
2024-02-21,1558.67529296875,1576.04564252021,1549.0250732340833,1576.04564252021,4300508
2024-02-22,1582.965576171875,1586.0254020244706,1548.1777559110003,1567.5723214065963,5841277
2024-02-23,1578.7288818359375,1599.064932049705,1574.0685776987198,1597.6998249586602,5373072
2024-02-26,1563.006103515625,1576.9400103998594,1548.742584990576,1576.9400103998594,2782438
2024-02-27,1566.254150390625,1573.315286661556,1556.0861831168934,1563.8063128021718,5159088
2024-02-28,1573.4566650390625,1589.0382863616267,1564.7950497873524,1572.2798088946804,3188916
2024-02-29,1575.9515380859375,1583.812913721107,1556.5569728576138,1567.5722998042163,7814722
2024-03-01,1557.8748779296875,1574.1154909938598,1554.3914300839626,1571.3381567596207,6387291
2024-03-04,1541.3990478515625,1567.0545116352562,1538.0568453792753,1560.8407342180715,4445156
2024-03-05,1512.4954833984375,1541.5402694156692,1508.2588013721113,1538.386318003764,4596579
2024-03-06,1522.8988037109375,1525.3466412368123,1483.7800637991031,1509.0119027331223,6420684
2024-03-07,1521.8631591796875,1533.1609775234701,1510.3299696204092,1522.004404894455,6348359
2024-03-11,1506.940673828125,1519.3683431830998,1495.0779873422402,1514.0489306330928,6752895
2024-03-12,1518.56787109375,1529.9128089712128,1504.1632225256892,1506.375688833194,4614222
2024-03-13,1517.1085205078125,1529.4419475146146,1505.010464684069,1518.520747606164,5688997
2024-03-14,1556.5570068359375,1560.7465686045769,1513.9076955609466,1519.9332218123318,8803799
2024-03-15,1538.38623046875,1549.4957975654736,1523.6519697189988,1545.0707498555741,11809997
2024-03-18,1508.8707275390625,1537.1152732206572,1505.2930391151203,1534.6203153666463,4958904
2024-03-19,1470.08154296875,1505.4343467383314,1466.8334660527332,1499.1734492026353,6870411
2024-03-20,1463.9617919921875,1482.7914886121835,1461.5139544170574,1471.540790852675,4759059
2024-03-21,1463.7264404296875,1484.6744782005846,1453.087730653012,1472.4822954464403,11062497
2024-03-22,1420.559326171875,1439.4361424981196,1410.5324900051585,1431.9983895472183,14673890
2024-03-26,1405.307373046875,1419.2412797585116,1400.8353200453062,1404.6953849138222,8351081
2024-03-27,1397.022216796875,1411.2857346994197,1394.8568706833632,1408.4612802603947,6857402
2024-03-28,1410.391357421875,1423.3367734843898,1400.129150066849,1400.129150066849,12499530
2024-04-01,1407.943359375,1440.4245840795604,1405.4485166656525,1435.7642804189727,6580002
2024-04-02,1396.0806884765625,1405.7780277192792,1394.1977189092265,1397.9636580438985,7279400
2024-04-03,1394.0096435546875,1407.6140544217724,1388.6902308713024,1392.4561704804448,8736248
2024-04-04,1399.7054443359375,1408.1318024819914,1382.0997240670574,1403.3302528566012,11186915
2024-04-05,1392.55029296875,1399.7055552251502,1389.6788329794124,1393.4447725803975,5072482
2024-04-08,1390.29052734375,1403.706685446096,1387.8426899035271,1396.221927423092,6610887
2024-04-09,1407.378662109375,1425.2198696967855,1400.2705201600338,1402.8124833871761,9423230
2024-04-10,1418.6295166015625,1421.5009766373323,1397.681477232349,1412.5568699403645,6744595
2024-04-12,1397.86962890625,1418.6294157880386,1392.926833451286,1415.993212241118,12275616
2024-04-15,1382.2410888671875,1404.6483606920185,1375.5565690145563,1393.397662027,8531224
2024-04-16,1331.68310546875,1370.0016050968616,1330.3651187142993,1366.0944202615754,16173541
2024-04-18,1336.202392578125,1360.1631363842591,1325.1399454315383,1337.9441165902024,22107945
2024-04-19,1328.6705322265625,1343.3576733174316,1298.072273734188,1303.9565542134908,20603621
2024-04-22,1348.9124755859375,1352.7725406478596,1330.3652692316007,1336.814417739945,5859087
2024-04-23,1357.997802734375,1362.1873644449943,1349.1478219496535,1358.562670672261,4856174
2024-04-24,1347.0294189453125,1359.7865843478146,1343.54597104933,1359.7865843478146,4268213
2024-04-25,1354.2786865234375,1360.3513320897941,1336.908338935666,1336.908338935666,9089398
2024-04-26,1346.55859375,1360.8221110164066,1343.498768244188,1355.455578865194,8062444
2024-04-29,1350.7952880859375,1355.549832195807,1344.675637016024,1346.276115171065,5055957
2024-04-30,1337.42626953125,1352.4900262289832,1334.601815150425,1350.7481874189334,6936588
2024-05-02,1331.68310546875,1340.6743311181829,1329.235268018188,1330.3179985042082,10076354
2024-05-03,1333.425048828125,1341.4276701119534,1321.0915052605797,1338.8855920418562,8842345
2024-05-06,1342.4632568359375,1361.1045877183944,1334.1781442699464,1336.9084732924218,6445422
2024-05-07,1356.632568359375,1358.892155017695,1332.7659500503705,1341.568810540377,6080661
2024-05-08,1343.7813720703125,1355.5028124792066,1342.1807788692665,1351.2661306551702,6234983
2024-05-09,1355.3145751953125,1365.1059257902893,1341.4746788069972,1344.0167568835536,6088406
2024-05-10,1341.521728515625,1351.9250667078657,1330.3180362931507,1351.0778223208927,8777481
2024-05-13,1340.1566162109375,1341.6159637564915,1328.623426347066,1341.6159637564915,3735954
2024-05-14,1341.3333740234375,1349.8538575959403,1335.0725919265954,1342.9339671701941,3463230
2024-05-15,1336.861328125,1348.0180152167325,1335.5433413149956,1342.5573572737128,4327544
2024-05-16,1368.3070068359375,1370.566593499511,1343.4989036055658,1350.0421774524657,9249145
2024-05-17,1359.78662109375,1371.7434327729238,1355.0320766083944,1371.7434327729238,7542860
2024-05-21,1350.23046875,1360.1630645795747,1344.8169310704366,1346.323283787107,6752663
2024-05-22,1369.6722412109375,1374.5207963720839,1344.4404006067602,1345.1465142625411,7173285
2024-05-23,1386.2423095703125,1391.6558474322132,1365.153026044568,1369.5779588477037,8641428
2024-05-24,1379.369384765625,1389.1608498646779,1374.5678351761637,1382.3350849297278,5277938
2024-05-27,1385.2535400390625,1393.0207890926204,1374.8030824797427,1385.7242824059447,5821844
2024-05-28,1381.205322265625,1389.6315652574615,1374.8502998635329,1389.1608228573064,6186922
2024-05-29,1366.04736328125,1379.7460134801906,1365.1529986668554,1379.6518879829935,7401634
2024-05-30,1343.9224853515625,1365.011768697552,1338.3678167520543,1358.3743695494225,9663150
2024-05-31,1351.0770263671875,1379.742614221291,1344.4507812144127,1353.8619835736356,37113815
2024-06-03,1350.1168212890625,1382.8637804217421,1348.2921859111987,1382.8637804217421,10589244
2024-06-04,1338.352783203125,1358.8556345260542,1304.4533695994908,1353.0937025068624,13736134
2024-06-05,1373.3563232421875,1380.9428896837226,1344.594729280313,1344.594729280313,9233424
2024-06-06,1413.833984375,1415.8026912541518,1380.4627967662166,1387.6171483700416,12660930
2024-06-07,1472.749755859375,1478.607696455328,1418.6356360706318,1422.2368434730788,24075302
2024-06-10,1440.2427978515625,1469.1005184048513,1437.8900560410068,1464.7790697698574,6810606
2024-06-11,1436.4014892578125,1446.6768867495505,1434.67286293827,1440.530920339611,4853054
2024-06-12,1426.2701416015625,1448.8857708643502,1423.9173996680136,1447.205207418443,9564320
2024-06-13,1434.6729736328125,1445.2845783914581,1430.2555159747842,1435.6813586014816,7307565
2024-06-14,1429.8233642578125,1444.0360586769375,1427.0864701658527,1444.0360586769375,4237727
2024-06-18,1438.75439453125,1447.2052751454503,1436.0655632280468,1437.6020550051355,5420939
2024-06-19,1451.3824462890625,1455.5118772535266,1437.313707336635,1445.2844258115615,5493456
2024-06-20,1455.2718505859375,1457.2885031581282,1439.618556511379,1456.1361637531038,7927010
2024-06-21,1471.8853759765625,1495.9414872261423,1463.2424786021215,1483.697382612351,17301941
2024-06-24,1466.5557861328125,1468.4283671681217,1455.2720024759499,1464.0589723434641,5564989
2024-06-25,1480.7684326171875,1482.6411308173647,1460.0255012602715,1465.4513439015984,4551525
2024-06-26,1479.5679931640625,1487.3946405637594,1474.0942048965353,1479.8561366420593,4851004
2024-06-27,1510.9224853515625,1515.7721579895247,1471.2612599725667,1477.4072265440695,14757754
2024-06-28,1504.58447265625,1525.4714758668922,1502.1836676895095,1510.15438706981,8197544
2024-07-01,1527.68017578125,1536.4190819140294,1497.6220524294586,1497.6220524294586,6801771
2024-07-02,1556.72998046875,1568.9740856185726,1523.550809426941,1532.86588566981,10493173
2024-07-03,1562.8280029296875,1571.086748455425,1542.2770892539197,1560.5232067482063,7269965
2024-07-04,1585.1553955078125,1594.13438198508,1563.4040806456085,1563.5960981382616,8008311
2024-07-05,1582.0823974609375,1599.7523453204356,1568.5418810019864,1585.9236853770542,7065022
2024-07-08,1595.718994140625,1599.8963711842514,1574.9280004454815,1577.904975049744,5880533
2024-07-09,1591.3974609375,1600.6165277373964,1585.4914578037747,1594.0383461640054,5191182
2024-07-10,1582.8507080078125,1607.5789990626897,1572.575309683498,1591.2535253565572,9852770
2024-07-11,1587.1240234375,1598.9360301908912,1576.896688557358,1590.2931327303997,8857679
2024-07-12,1643.8310546875,1651.5136300854847,1600.520559326722,1613.340833576749,17078316
2024-07-15,1639.317626953125,1659.4363248574064,1635.092186939841,1657.7076984616265,6942230
2024-07-16,1657.563720703125,1668.943512173137,1632.547287437264,1650.4092519603355,6886281
2024-07-18,1688.2940673828125,1695.3524103380762,1650.7934479826547,1650.7934479826547,11248896
2024-07-19,1721.809326171875,1770.8338123915516,1715.5672330153973,1770.8338123915516,29819116
2024-07-22,1738.9991455078125,1750.6670817580903,1721.809357518583,1728.7237465538792,8462126
2024-07-23,1764.015380859375,1766.9442924167647,1712.494085746934,1738.1826974355533,7113056
2024-07-24,1761.182373046875,1769.249100779416,1747.4017766683005,1764.5915628208677,6002845
2024-07-25,1752.4434814453125,1758.2534761150766,1740.1033678723722,1747.7859434479678,5815599
2024-07-26,1804.3489990234375,1808.2862957121283,1752.923709894062,1752.923709894062,11369047
2024-07-29,1796.8585205078125,1827.492816601406,1790.0402575643832,1818.465766106095,4635931
2024-07-30,1802.6683349609375,1805.3571660297775,1786.1987904104494,1796.8583403917328,2721265
2024-07-31,1794.12158203125,1810.3510473266465,1791.0485985124988,1802.524399557156,5004209
2024-08-01,1779.092529296875,1793.7855029159562,1771.8901142339544,1782.453656326238,7475014
2024-08-02,1748.938232421875,1785.7186088193323,1744.0886770658112,1769.8732971519382,7400938
2024-08-05,1682.3880615234375,1726.1787193591779,1650.3613476722035,1714.1266318965754,10736703
2024-08-06,1681.619873046875,1725.6506144088735,1675.617860395926,1690.3587800212945,7690163
2024-08-07,1720.560791015625,1726.5628030142375,1692.183231395466,1724.7381679213,5094329
2024-08-08,1673.9853515625,1709.3251315403352,1658.572136260406,1709.3251315403352,6227910
2024-08-09,1700.4901123046875,1710.0933319139192,1686.325363381071,1700.9702732851492,4258524
2024-08-12,1726.0826416015625,1731.9405818653124,1697.9451624687292,1702.6988263064616,4315329
2024-08-13,1726.1307373046875,1738.1828253323833,1718.064126261386,1738.1828253323833,4176918
2024-08-14,1750.906982421875,1752.5875458219782,1726.1306294039184,1730.5001411349067,7450718
2024-08-16,1785.1904296875,1787.9753867685558,1756.9089953467567,1776.5955951852964,7335657
2024-08-19,1790.8084716796875,1793.449357119504,1775.8273550396493,1786.1988792940135,2585989
2024-08-20,1797.914794921875,1810.8791418743747,1794.0735069359491,1805.405353385153,3870333
2024-08-21,1798.3948974609375,1804.4449727328276,1793.0171179008144,1800.6996936229339,1966902
2024-08-22,1805.645263671875,1818.5136006570308,1795.5138206733318,1809.2464708192063,4300287
2024-08-23,1788.2154541015625,1807.9020537953018,1783.3178356718943,1803.67661383031,5015935
2024-08-26,1801.7080078125,1813.8080406542315,1790.0400729474454,1795.8020045127269,3728589
2024-08-27,1824.7076416015625,1827.2525181137994,1799.5472543971127,1801.7079786991785,3830679
2024-08-28,1862.1602783203125,1873.588133022963,1822.1148997127973,1831.2379582795415,6514531
2024-08-29,1856.638427734375,1873.1079727033768,1844.6824662886909,1856.3023384955793,7228284
2024-08-30,1866.5777587890625,1872.6278340667684,1851.5007508106305,1861.1039704725115,13466759
2024-09-02,1886.552490234375,1897.3561122833119,1865.713550595146,1866.241657337013,5573739
2024-09-03,1864.2249755859375,1888.95326566776,1859.6153833595768,1888.95326566776,4694322
2024-09-04,1846.1708984375,1850.7324277310104,1824.6597803927025,1844.8744872415468,4778310
2024-09-05,1856.4464111328125,1863.0245930805459,1833.8307821972226,1849.8201661965988,4081810
2024-09-06,1826.38818359375,1859.6633609018768,1821.586574089743,1845.7386933402568,5848106
2024-09-09,1819.4739990234375,1844.634387126065,1814.0481565814205,1815.0084785277315,4772612
2024-09-10,1836.4237060546875,1858.2229673598686,1820.7704114285846,1829.317300201853,6909600
2024-09-11,1834.3590087890625,1849.5800883553493,1829.4133272673625,1838.7284033553788,5312946
2024-09-12,1873.0599365234375,1878.773922571952,1834.9832642548035,1848.6197893164426,8555092
2024-09-13,1866.9619140625,1880.886582594913,1858.8472403257115,1873.0599351123685,3843127
2024-09-16,1872.867919921875,1874.548483367517,1856.3504289468578,1868.5464710616527,1570181
2024-09-17,1875.07666015625,1880.7424658489679,1865.0892884852562,1870.467067930622,2793127
2024-09-18,1817.0731201171875,1861.824097546446,1806.6536508696367,1861.824097546446,6385468
2024-09-19,1819.0418701171875,1848.5238256038056,1804.253005223771,1834.7911742292838,7976570
2024-09-20,1830.1336669921875,1839.0166455673825,1793.305341425795,1829.4134254860905,15242974
2024-09-23,1821.2025146484375,1842.761812755645,1803.9167195535472,1833.2546020080952,3636672
2024-09-24,1823.2672119140625,1835.0792186672709,1797.1465020357018,1813.0878227950013,7277616
2024-09-25,1820.0982666015625,1826.1482246431408,1802.3323102544668,1811.5033146813457,4268341
2024-09-26,1824.851806640625,1841.8494584619364,1817.8894724224197,1822.499064726573,8952803
2024-09-27,1831.0938720703125,1896.2516927156676,1827.7808082445556,1855.4380099764576,14908931
2024-09-30,1801.179931640625,1825.8122145485347,1796.282312853667,1805.40537191387,6986955
2024-10-01,1828.7890625,1833.2065199774477,1800.6036370139677,1800.6036370139677,4029072
2024-10-03,1818.2735595703125,1835.9914522282918,1806.3655442331449,1814.528280610594,7503887
2024-10-04,1842.04150390625,1876.565029844856,1811.1671309069884,1814.5763205944831,10001483
2024-10-07,1857.5509033203125,1864.9453358766805,1840.025026708701,1846.8912352709824,6112575
2024-10-08,1871.2353515625,1880.2622839615105,1830.7096956078074,1861.007899519078,5637391
2024-10-09,1875.2686767578125,1898.5564839074102,1867.9221904384558,1875.07665925967,4857163
2024-10-10,1842.8577880859375,1886.07227503949,1838.1521871723023,1880.2143346978125,4782119
2024-10-11,1858.3189697265625,1869.7468243014484,1834.3109211351211,1841.8974879353766,4709431
2024-10-14,1881.1748046875,1891.3541945256989,1854.4778059776277,1855.486190976628,3751378
2024-10-15,1881.558837890625,1912.433094709219,1874.3083602991192,1882.2310163628915,5353705
2024-10-16,1843.9141845703125,1881.7989564876755,1840.312977195666,1877.42944464905,3111512
2024-10-17,1890.0096435546875,1899.516854492198,1853.5654717255002,1858.415027332384,8162822
2024-10-18,1805.0211181640625,1859.9995499352583,1795.0818094027522,1818.6577602233042,10526196
2024-10-21,1779.2364501953125,1823.4593218230411,1765.071701772492,1816.0647726492866,4654601
2024-10-22,1778.132080078125,1803.2925852339904,1773.666559613223,1784.4701814346959,4125240
2024-10-23,1799.067138671875,1811.1671716222952,1770.8336503030287,1772.034052723245,4311910
2024-10-24,1789.4158935546875,1809.2465653946333,1786.198838446931,1787.5433126309072,2906475
2024-10-25,1788.16748046875,1801.9000136074258,1773.138418954866,1789.5118373771484,4689120
2024-10-28,1791.3365478515625,1807.2299232087717,1783.3178829165497,1785.9107053224764,7018940
2024-10-29,1786.4317626953125,1798.378144066303,1776.4277753656768,1792.9391324904534,4621252
2024-10-30,1750.3009033203125,1786.1402834543007,1744.716179758669,1779.3414895531696,5919715
2024-10-31,1706.7401123046875,1736.5091412479787,1696.2991072073619,1736.5091412479787,7395236
2024-11-01,1710.236572265625,1715.2385657478123,1701.6895882617994,1713.7816813488193,371966
2024-11-04,1712.956298828125,1716.2099839138373,1668.6184223904768,1674.9315887150042,7336722
2024-11-05,1703.77783203125,1717.6182349398387,1694.8423210868225,1709.4111662537578,3160880
2024-11-06,1771.280029296875,1774.6794262747362,1711.9849045771186,1713.296076841982,10421494
2024-11-07,1751.2237548828125,1773.22261567757,1735.6350435250165,1760.8390975998175,4550965
2024-11-08,1777.350341796875,1787.6942446562714,1761.0333078003775,1765.7438769390867,4210960
2024-11-11,1806.6337890625,1814.306737413767,1770.163186757311,1776.427742360696,3804234
2024-11-12,1815.0838623046875,1826.9331420105937,1807.5080155670998,1817.3176807087516,5012450
2024-11-13,1814.6953125,1819.3572716489662,1802.943134866599,1807.605094015565,4257495
2024-11-14,1810.9560546875,1822.0768923467604,1802.6517655626797,1811.9758027067253,4311431
2024-11-18,1759.3822021484375,1796.047127993138,1743.4050832115965,1796.047127993138,4839244
2024-11-19,1772.300048828125,1806.2454112988496,1768.2208195271305,1773.0284911005574,4669769
2024-11-21,1781.3326416015625,1813.3354888516371,1768.26917339711,1789.0540816629436,5436504
2024-11-22,1847.572265625,1859.0331371970146,1781.2840242640295,1800.80625185363,6301486
2024-11-25,1835.3829345703125,1864.1322151458903,1827.9043086809907,1860.9270220152914,12764638
2024-11-26,1868.8428955078125,1882.8775020849253,1842.764686697864,1850.1947027907097,6850495
2024-11-27,1869.182861328125,1885.5971174937745,1856.799342761259,1874.6218732216507,4447143
2024-11-28,1803.282958984375,1859.8586361338635,1798.4266776839897,1859.8586361338635,8468790
2024-11-29,1804.448486328125,1823.0480681141644,1791.9678666332622,1797.8925063282472,5244346
2024-12-02,1825.7677001953125,1828.6814691911163,1782.4495729417774,1805.5655210664468,2868263
2024-12-03,1837.714111328125,1845.1442460985531,1817.3663382733384,1832.7607276683614,4715792
2024-12-04,1834.946044921875,1858.9360291550868,1821.105642042353,1829.8469491241563,4705573
2024-12-05,1879.2352294921875,1893.8526842407528,1834.654541582606,1845.386971128795,9050038
2024-12-06,1867.1431884765625,1882.2461532385446,1857.4306251975142,1877.2442779990854,3573331
2024-12-09,1868.3572998046875,1874.7189577548504,1842.667498232043,1868.8914196597946,4274645
2024-12-10,1892.54150390625,1909.101352624084,1876.4671647750902,1883.2659588503623,6174921
2024-12-11,1917.4056396484375,1921.1449526741415,1895.8922889888395,1898.806057875605,5025612
2024-12-12,1929.8863525390625,1941.3472248051385,1913.9092331296335,1918.4254802729865,6462130
2024-12-13,1942.22119140625,1948.7771714843159,1897.6406217246506,1913.132112410419,5362693
2024-12-16,1923.1361083984375,1942.1240981650324,1920.7564592966078,1938.0933607570853,3119221
2024-12-17,1919.78515625,1925.029963920521,1901.7198129951464,1911.432375880719,5811050
2024-12-18,1922.261962890625,1927.8951783904936,1905.216367108079,1910.2669710918078,3064095
2024-12-19,1890.2589111328125,1903.4194810568974,1864.8120442042316,1878.4096320265542,5323592
2024-12-20,1866.900390625,1923.038935729017,1856.313672846486,1918.3769764514818,11056720
2024-12-23,1868.988525390625,1884.2372017118134,1854.1282567360063,1874.5732490554924,2781793
2024-12-24,1854.1768798828125,1886.1797274213886,1787.111585198432,1871.6594932162752,2360544
2024-12-26,1852.5743408203125,1864.5693327398988,1847.6209572676305,1854.1769374712999,3623321
2024-12-27,1861.655517578125,1868.8428379280153,1849.1748978049127,1854.5168074679777,3937500
2024-12-30,1851.214599609375,1860.9271630910612,1832.2751008200871,1860.6357387619842,7789055
